{
	"credit": "made by Motschen",
	"parent": "block/block",
	"textures": {
		"end": "terrestria:block/redwood_quarter_log",
		"side": "terrestria:block/redwood_log",
		"inside": "terrestria:block/redwood_log_bare",
		"particle": "#side"
	},
	"elements": [
		{
			"name": "Cube",
			"from": [1, 0, 1],
			"to": [15, 16, 15],
			"faces": {
				"up": {"uv": [2, 0, 16, 14], "texture": "#end"},
				"down": {"uv": [2, 0, 16, 14], "rotation": 90, "texture": "#end"}
			}
		},
		{
			"name": "Cube",
			"from": [0, 0, 2],
			"to": [1, 16, 14],
			"faces": {
				"up": {"uv": [2, 2, 3, 14], "texture": "#end"},
				"down": {"uv": [2, 2, 3, 14], "texture": "#end"}
			}
		},
		{
			"name": "Cube",
			"from": [-1.9999, 0.0009, 0],
			"to": [0.0001, 15.9919, 12],
			"faces": {
				"north": {"uv": [0, 0, 2, 15.991], "texture": "#inside"},
				"south": {"uv": [0, 0, 1, 16], "texture": "#side"},
				"west": {"uv": [2, 0, 14, 15.991], "texture": "#side"},
				"up": {"uv": [0, 2, 2, 14], "texture": "#end"},
				"down": {"uv": [0, 3, 2, 15], "texture": "#end"}
			}
		},
		{
			"name": "Cube",
			"from": [-0.9999, 0.0009, 12],
			"to": [0.0001, 15.9919, 14],
			"faces": {
				"south": {"uv": [0, 0, 1, 16], "texture": "#side"},
				"west": {"uv": [4, 0, 6, 16], "texture": "#side"},
				"up": {"uv": [0, 8, 1, 10], "texture": "#end"},
				"down": {"uv": [0, 0, 1, 2], "texture": "#end"}
			}
		},
		{
			"name": "Cube",
			"from": [2, 0.0002, 16],
			"to": [4, 15.9992, 16.9999],
			"faces": {
				"south": {"uv": [0, 0, 2, 16], "texture": "#side"},
				"west": {"uv": [4, 0, 5, 16], "texture": "#side"},
				"up": {"uv": [0, 0, 1, 2], "texture": "#end"},
				"down": {"uv": [0, 0, 1, 2], "texture": "#end"}
			}
		},
		{
			"name": "Cube",
			"from": [15, 0, 1],
			"to": [16, 16, 14],
			"faces": {
				"east": {"uv": [3, 0, 16, 16], "texture": "#inside"},
				"up": {"uv": [15, 0, 16, 13], "texture": "#end"},
				"down": {"uv": [15, 0, 16, 13], "texture": "#end"}
			}
		},
		{
			"name": "Cube",
			"from": [15, 0, 0],
			"to": [16, 16, 1],
			"rotation": {"angle": 0, "axis": "y", "origin": [8, 8, -5]},
			"faces": {
				"north": {"uv": [14, 0, 15, 16], "texture": "#inside"},
				"east": {"uv": [14, 0, 15, 16], "texture": "#inside"},
				"up": {"uv": [14, 1, 15, 2], "texture": "#end"},
				"down": {"uv": [14, 1, 15, 2], "texture": "#end"}
			}
		},
		{
			"name": "Cube",
			"from": [0, -0.1111, 0],
			"to": [2, 16.0089, 2],
			"faces": {
				"north": {"uv": [8, 0, 9, 16], "texture": "#inside"},
				"west": {"uv": [0, 0, 2, 16], "texture": "#side"},
				"up": {"uv": [2, 13, 4, 14], "texture": "#end"},
				"down": {"uv": [2, 13, 3, 14], "texture": "#end"}
			}
		},
		{
			"name": "Cube",
			"from": [0, -0.1111, 14],
			"to": [2, 16.0089, 16],
			"faces": {
				"south": {"uv": [7, 0, 9, 16], "texture": "#side"},
				"west": {"uv": [0, 0, 2, 16], "texture": "#side"},
				"up": {"uv": [0, 14, 2, 16], "texture": "#end"},
				"down": {"uv": [0, 14, 2, 16], "texture": "#end"}
			}
		},
		{
			"name": "Cube",
			"from": [14, -0.1111, 14],
			"to": [16, 16.0089, 16],
			"faces": {
				"east": {"uv": [2, 0, 3, 16], "texture": "#inside"},
				"south": {"uv": [6, 0, 8, 16], "texture": "#side"},
				"up": {"uv": [3, 13, 5, 14], "rotation": 90, "texture": "#end"},
				"down": {"uv": [2, 13, 3, 14], "texture": "#end"}
			}
		},
		{
			"name": "Cube",
			"from": [2, 0, 0],
			"to": [15, 16, 1],
			"faces": {
				"north": {"uv": [3, 0, 16, 16], "texture": "#inside"},
				"up": {"uv": [3, 0, 16, 1], "texture": "#end"},
				"down": {"uv": [3, 0, 16, 1], "texture": "#end"}
			}
		},
		{
			"name": "Cube",
			"from": [2, 0, 15],
			"to": [14, 16, 16],
			"faces": {
				"up": {"uv": [2, 13, 14, 14], "texture": "#end"},
				"down": {"uv": [2, 2, 3, 14], "rotation": 90, "texture": "#end"}
			}
		},
		{
			"name": "Cube",
			"from": [4, 0.0002, 16],
			"to": [16, 15.9992, 17.9999],
			"faces": {
				"east": {"uv": [0, 0, 1.999, 15.999], "texture": "#inside"},
				"south": {"uv": [4, 0, 16, 15.999], "texture": "#side"},
				"west": {"uv": [9, 0, 10, 16], "texture": "#side"},
				"up": {"uv": [3, 14, 15, 15.999], "texture": "#end"},
				"down": {"uv": [3, 14, 15, 15.9999], "texture": "#end"}
			}
		}
	]
}
